{"cameraMode":{"drawMode":0,"name":"Shaded","section":"Shading Mode"},"sceneLighting":false,"audioPlay":false,"sceneViewState":{"showFog":true,"showMaterialUpdate":true,"showSkybox":true,"showFlares":true,"showImageEffects":true,"showParticleSystems":true},"in2DMode":false,"pivot":{"x":77.51405334472656,"y":-72.55892181396485,"z":54.6717643737793},"rotation":{"x":0.3051518499851227,"y":0.42127346992492678,"z":-0.1529402732849121,"w":0.8403386473655701},"size":136.5453643798828,"orthographic":false}