{"cameraMode":{"drawMode":0,"name":"Shaded","section":"Shading Mode"},"sceneLighting":false,"audioPlay":false,"sceneViewState":{"showFog":true,"showMaterialUpdate":true,"showSkybox":true,"showFlares":true,"showImageEffects":true,"showParticleSystems":true},"in2DMode":false,"pivot":{"x":74.1130599975586,"y":-46.1195068359375,"z":100.81985473632813},"rotation":{"x":0.2115834504365921,"y":0.29487016797065737,"z":-0.06707597523927689,"w":0.9294823408126831},"size":169.1287384033203,"orthographic":false}