{"cameraMode":{"drawMode":0,"name":"Shaded","section":"Shading Mode"},"sceneLighting":false,"audioPlay":false,"sceneViewState":{"showFog":true,"showMaterialUpdate":false,"showSkybox":true,"showFlares":true,"showImageEffects":true,"showParticleSystems":true},"in2DMode":false,"pivot":{"x":1.8066682815551758,"y":-1.5936002731323243,"z":-1.0336990356445313},"rotation":{"x":0.3823012113571167,"y":0.3714870512485504,"z":-0.17141205072402955,"w":0.8285341858863831},"size":12.408561706542969,"orthographic":false}