{"cameraMode":{"drawMode":0,"name":"Shaded","section":"Shading Mode"},"sceneLighting":false,"audioPlay":false,"sceneViewState":{"showFog":true,"showMaterialUpdate":false,"showSkybox":true,"showFlares":true,"showImageEffects":true,"showParticleSystems":true},"in2DMode":false,"pivot":{"x":-1.071378231048584,"y":13.056783676147461,"z":-3.3635501861572267},"rotation":{"x":0.39088618755340578,"y":0.3755719065666199,"z":-0.17879407107830048,"w":0.8210940957069397},"size":2.5720953941345217,"orthographic":false}